<?xml version='1.0' encoding='UTF-8'?>
<package uuid="elina_julia">
 <names>
  <name lang="en_US">Elina_Julia</name>
 </names>
 <supportedLanguages>
  <language>en_US</language>
 </supportedLanguages>
 <descriptionLanguages>
  <language>en_US</language>
 </descriptionLanguages>
 <contents>
  <behaviorContent path="left_hand_behind_head_right">
   <nature>interactive</nature>
   <permissions/>
  </behaviorContent>
  <behaviorContent path="hate_2">
   <nature>interactive</nature>
   <permissions/>
  </behaviorContent>
  <behaviorContent path="hate_food">
   <nature>interactive</nature>
   <permissions/>
  </behaviorContent>
  <behaviorContent path="left_hand_lean_forward">
   <nature>interactive</nature>
   <permissions/>
  </behaviorContent>
  <behaviorContent path="left_hand_random">
   <nature>interactive</nature>
   <permissions/>
  </behaviorContent>
  <behaviorContent path="left_lean_back">
   <nature>interactive</nature>
   <permissions/>
  </behaviorContent>
  <behaviorContent path="like_food">
   <nature>interactive</nature>
   <permissions/>
  </behaviorContent>
  <behaviorContent path="look_around">
   <nature>interactive</nature>
   <permissions/>
  </behaviorContent>
  <behaviorContent path="return_negative_left_hand">
   <nature>interactive</nature>
   <permissions/>
  </behaviorContent>
  <behaviorContent path="return_negative_right_hand">
   <nature>interactive</nature>
   <permissions/>
  </behaviorContent>
  <behaviorContent path="return_positive_left_hand">
   <nature>interactive</nature>
   <permissions/>
  </behaviorContent>
  <behaviorContent path="return_positive_right_hand">
   <nature>interactive</nature>
   <permissions/>
  </behaviorContent>
  <behaviorContent path="right_hand_lean_forward">
   <nature>interactive</nature>
   <permissions/>
  </behaviorContent>
  <behaviorContent path="right_hand_random">
   <nature>interactive</nature>
   <permissions/>
  </behaviorContent>
  <behaviorContent path="right_lean_back">
   <nature>interactive</nature>
   <permissions/>
  </behaviorContent>
  <behaviorContent path="hate_left">
   <nature>interactive</nature>
   <permissions/>
  </behaviorContent>
  <behaviorContent path="hate_right">
   <nature>interactive</nature>
   <permissions/>
  </behaviorContent>
  <behaviorContent path="point_right">
   <nature>interactive</nature>
   <permissions/>
  </behaviorContent>
  <behaviorContent path="point_left">
   <nature>interactive</nature>
   <permissions/>
  </behaviorContent>
  <behaviorContent path="right_hand_behind_head_left">
   <nature>interactive</nature>
   <permissions/>
  </behaviorContent>
  <behaviorContent path="left_hand_behind_head_center">
   <nature>interactive</nature>
   <permissions/>
  </behaviorContent>
  <behaviorContent path="hands_behind_head_center">
   <nature>interactive</nature>
   <permissions/>
  </behaviorContent>
  <behaviorContent path="hands_behind_head_left">
   <nature>interactive</nature>
   <permissions/>
  </behaviorContent>
  <behaviorContent path="hands_behind_head_right">
   <nature>interactive</nature>
   <permissions/>
  </behaviorContent>
  <behaviorContent path="drink">
   <nature>interactive</nature>
   <permissions/>
  </behaviorContent>
  <behaviorContent path="sleep">
   <nature>interactive</nature>
   <permissions/>
  </behaviorContent>
  <behaviorContent path="brush_teeth">
   <nature>interactive</nature>
   <permissions/>
  </behaviorContent>
  <behaviorContent path="center_hand_lean_forward">
   <nature>interactive</nature>
   <permissions/>
  </behaviorContent>
  <behaviorContent path="return_positive_center_hand">
   <nature>interactive</nature>
   <triggerSentences/>
   <loadingResponses/>
   <autonomous/>
   <permissions/>
  </behaviorContent>
  <behaviorContent path="center_forward">
   <nature>interactive</nature>
   <triggerSentences/>
   <loadingResponses/>
   <autonomous/>
   <permissions/>
  </behaviorContent>
  <behaviorContent path="right_forward">
   <nature>interactive</nature>
   <triggerSentences/>
   <loadingResponses/>
   <autonomous/>
   <permissions/>
  </behaviorContent>
  <behaviorContent path="left_forward">
   <nature>interactive</nature>
   <triggerSentences/>
   <loadingResponses/>
   <autonomous/>
   <permissions/>
  </behaviorContent>
  <behaviorContent path="hate_center">
   <nature>interactive</nature>
   <permissions/>
  </behaviorContent>
  <behaviorContent path="right_netural_leg">
   <nature>interactive</nature>
   <permissions/>
  </behaviorContent>
  <behaviorContent path="left_netural_leg">
   <nature>interactive</nature>
   <permissions/>
  </behaviorContent>
  <behaviorContent path="center_netural_leg">
   <nature>interactive</nature>
   <permissions/>
  </behaviorContent>
 </contents>
</package>
